ID,Date,Store,ProdCat,Certified,Sales,TimeSpent,Transactions,YrsExp,Returned,Satisfaction
1,2023-04-13,E,Clothing,No,6392.47,6.0,28,5.0,True,9.4
2,2024-03-11,E,Toys,No,6175.28,6.4,27,15.0,True,7.3
3,2025-05-10,A,Home,No,5232.16,6.4,29,3.0,False,7.2
4,2023-09-28,A,Home,No,3796.87,3.6,21,1.0,True,9.1
5,2023-04-17,B,?,No,4993.65,,11,8.0,True,6.6
6,2023-03-13,A,Toys,No,6562.26,5.2,8,12.0,False,8.4
7,2024-12-01,C,Clothing,No,5618.49,3.9,27,19.0,False,8.3
8,2023-01-21,E,'',Yes,4792.52,5.2,17,12.0,False,7.6
9,2024-09-06,B,'',Yes,5628.63,5.2,16,13.0,False,4.4
10,2023-05-02,A,'',Yes,3730.6,7.5,5,1.0,True,7.5
11,2024-04-11,C,'',Yes,,4.4,25,19.0,False,5.6
12,2023-08-03,C,,No,3915.81,4.8,23,6.0,True,8.3
13,2023-11-27,A,Clothing,No,5469.57,6.4,25,8.0,False,6.0
14,2024-04-03,E,Electronics,No,5714.1,4.0,24,4.0,True,6.2
15,2023-03-29,A,Electronics,Yes,4846.17,5.0,22,5.0,False,5.5
16,2024-01-08,B,Home,No,4127.07,3.5,15,7.0,True,9.5
17,2023-04-10,A,?,No,4980.25,7.4,24,4.0,True,8.5
18,2025-05-21,C,Clothing,No,4513.42,,7,4.0,False,7.5
19,2024-10-25,A,Toys,Yes,4203.83,6.0,21,15.0,True,5.2
20,2023-05-11,E,?,No,5338.99,7.4,16,5.0,True,9.3
21,2024-10-23,D,Electronics,Yes,4242.01,4.9,14,9.0,True,6.6
22,2023-11-05,A,Electronics,Yes,3433.65,5.5,12,2.0,True,7.6
23,2025-02-08,E,Electronics,Yes,3655.89,4.4,19,7.0,False,6.0
24,2023-12-10,E,Clothing,Yes,3396.74,4.4,9,17.0,True,8.7
25,2024-05-06,C,Electronics,No,5247.51,4.6,8,16.0,True,8.3
26,2024-02-18,E,Home,Yes,5150.41,5.3,25,17.0,False,7.9
27,2025-03-16,E,Toys,Yes,5100.52,5.4,24,2.0,False,9.6
28,2024-01-21,E,Clothing,No,5587.73,6.4,23,,False,6.3
29,2023-07-11,E,Home,No,6191.96,,25,2.0,True,7.4
30,2025-08-13,B,Toys,Yes,4407.73,6.5,8,1.0,True,8.9
31,2023-10-04,B,Toys,No,5406.48,6.7,19,2.0,False,8.6
32,2023-06-10,C,Toys,Yes,3420.38,5.3,21,9.0,True,8.2
33,2024-04-04,A,Electronics,Yes,6378.71,4.8,16,2.0,False,7.8
34,2023-11-10,E,Clothing,Yes,3755.17,,7,15.0,True,7.9
35,2023-01-22,A,Home,Yes,4289.92,5.7,14,10.0,False,5.3
36,2023-09-10,A,Home,No,4402.29,6.3,19,15.0,True,7.4
37,2025-01-17,C,Home,Yes,3473.73,8.4,14,,False,7.4
38,2025-05-06,E,Clothing,No,5032.58,6.1,28,17.0,True,8.4
39,2024-07-14,E,Electronics,No,5213.9,,27,9.0,False,5.1
40,2024-04-19,D,Toys,No,4810.59,4.7,22,18.0,True,8.9
41,2023-02-28,A,Clothing,No,3459.75,4.7,5,,True,6.9
42,2024-05-25,A,Clothing,Yes,6983.39,3.8,7,9.0,True,5.6
43,2024-11-12,B,Clothing,No,5549.23,7.4,25,16.0,False,7.8
44,2024-04-20,D,Clothing,Yes,7634.22,2.7,16,4.0,True,7.6
45,2024-11-30,B,Toys,No,4194.89,6.7,5,16.0,True,9.3
46,2025-09-02,B,Clothing,No,5957.88,4.7,7,19.0,True,6.7
47,2025-02-21,B,Toys,Yes,5779.27,5.2,7,1.0,False,5.4
48,2023-07-09,C,Clothing,Yes,4709.42,4.7,9,6.0,True,4.8
49,2025-08-15,C,Electronics,Yes,6411.05,8.2,23,10.0,False,8.6
50,2024-11-17,B,Clothing,No,4594.59,6.0,29,16.0,True,9.0
51,2025-08-15,D,Electronics,No,4639.11,7.2,5,4.0,False,8.0
52,2024-07-16,A,Home,Yes,1528.57,8.0,8,13.0,False,8.4
53,2025-05-25,D,Electronics,Yes,5409.03,6.2,8,16.0,True,9.3
54,2024-07-20,E,?,Yes,3674.49,4.2,21,6.0,False,9.6
55,2023-09-01,C,Clothing,Yes,,5.7,18,11.0,False,8.6
56,2025-04-11,A,Home,No,3973.78,4.9,22,3.0,True,8.9
57,2024-05-19,A,Home,Yes,,5.2,5,10.0,False,5.6
58,2023-05-11,E,Home,Yes,5443.88,5.9,26,1.0,False,9.2
59,2024-04-29,E,Electronics,Yes,5011.14,5.8,20,11.0,False,8.4
60,2025-03-29,B,Clothing,Yes,5709.64,6.6,7,12.0,False,9.3
61,2024-10-08,C,Home,No,6265.63,6.8,27,14.0,True,8.2
62,2023-01-21,C,Electronics,Yes,4631.2,5.8,25,8.0,False,5.9
63,2025-04-20,D,Clothing,No,4521.43,6.6,13,11.0,False,7.6
64,2023-06-16,B,Electronics,Yes,5957.73,5.2,27,,True,9.6
65,2023-10-01,B,Electronics,Yes,6037.05,8.0,8,7.0,True,8.2
66,2024-01-23,B,Electronics,No,5740.59,5.2,25,10.0,False,8.1
67,2024-08-23,B,Electronics,Yes,4047.82,7.8,9,19.0,True,8.4
68,2023-11-12,C,Toys,No,5422.66,3.8,15,4.0,True,6.0
69,2023-01-14,C,Electronics,No,5109.47,5.4,25,2.0,True,5.2
70,2023-08-30,B,Electronics,Yes,6052.53,5.5,13,18.0,True,5.1
71,2025-02-15,D,Clothing,No,4427.13,6.4,7,14.0,True,7.5
72,2023-12-12,A,Electronics,No,3333.39,7.3,10,16.0,True,3.9
73,2024-07-18,A,Clothing,No,5690.24,4.1,28,11.0,True,6.6
74,2025-06-16,D,Home,No,2441.63,4.3,15,,True,9.4
75,2023-12-06,B,Toys,No,4268.49,3.9,13,17.0,True,7.6
76,2023-04-02,C,Home,No,3976.8,8.0,19,14.0,False,7.1
77,2024-01-02,A,Home,No,3970.07,6.4,27,4.0,False,9.9
78,2025-08-13,E,Electronics,No,4250.97,4.4,7,19.0,False,8.6
79,2024-03-30,E,?,Yes,6217.37,5.3,5,2.0,False,8.8
80,2024-03-03,D,Home,Yes,5820.56,7.8,24,,False,9.4
81,2024-05-23,B,Toys,No,4748.27,5.6,26,9.0,True,7.2
82,2025-02-14,A,Clothing,Yes,6133.62,5.5,23,19.0,True,9.4
83,2025-07-31,B,Home,No,3937.7,4.8,18,16.0,False,6.2
84,2023-02-04,A,Electronics,No,3801.72,4.5,21,16.0,False,7.3
85,2023-07-25,D,Electronics,Yes,5863.6,7.8,26,18.0,True,7.0
86,2023-03-22,D,Electronics,No,5579.64,8.5,18,11.0,False,7.3
87,2025-07-20,E,Home,No,4539.74,,21,7.0,True,1.0
88,2024-07-15,B,Toys,No,3864.54,8.1,29,9.0,False,7.9
89,2025-05-21,E,Clothing,No,6459.73,5.3,18,4.0,True,5.7
90,2024-01-23,B,Electronics,Yes,3279.9,6.8,16,13.0,False,7.1
91,2023-01-02,E,Home,No,4401.57,8.1,20,4.0,True,8.3
92,2024-01-25,C,Clothing,No,5228.58,5.8,5,19.0,False,6.8
93,2024-07-19,C,Home,No,6802.16,5.5,17,2.0,False,6.3
94,2023-04-16,C,Electronics,Yes,5383.1,7.2,10,9.0,True,5.7
95,2025-02-10,C,Home,No,5480.3,4.3,21,12.0,True,8.1
96,2025-04-01,A,?,Yes,4430.62,7.7,16,2.0,False,6.6
97,2024-04-21,C,Toys,Yes,,,27,6.0,False,8.6
98,2024-12-03,D,Toys,No,5105.31,5.1,23,5.0,True,8.8
99,2024-02-06,D,Home,No,3411.54,5.1,10,5.0,True,5.9
100,2024-12-30,A,Toys,Yes,5792.93,3.9,11,5.0,True,7.8
101,2024-07-09,C,Clothing,No,5970.39,5.2,5,4.0,False,8.9
102,2023-06-11,C,?,Yes,5803.37,5.6,5,9.0,False,8.2
103,2023-07-21,C,Toys,Yes,5033.33,4.4,9,10.0,True,8.9
104,2025-08-15,E,Toys,No,4043.82,5.9,10,16.0,False,5.4
105,2025-09-22,B,Electronics,No,2690.82,6.7,20,10.0,False,8.9
106,2023-09-27,E,Clothing,Yes,5157.05,5.7,29,10.0,True,4.9
107,2025-05-12,B,Electronics,Yes,6081.94,7.0,20,19.0,False,7.1
108,2025-03-26,C,Toys,Yes,5995.53,4.8,18,,True,7.7
109,2023-09-28,C,Toys,Yes,5816.07,7.5,5,6.0,True,8.4
110,2024-03-31,E,Electronics,No,4925.79,6.2,17,17.0,False,8.1
111,2024-04-06,E,Home,No,6087.46,8.3,24,5.0,False,6.9
112,2024-12-27,B,Electronics,No,5924.16,9.6,14,6.0,True,7.6
113,2023-09-09,D,Toys,No,4577.37,5.3,28,15.0,True,8.0
114,2024-12-02,B,Clothing,No,5676.6,5.4,14,19.0,True,7.1
115,2023-10-23,E,Home,Yes,4464.04,5.6,13,18.0,False,8.8
116,2024-12-25,E,Electronics,No,5540.02,6.9,17,4.0,True,7.1
117,2024-12-20,A,Toys,No,3700.88,,7,8.0,True,7.8
118,2025-01-18,E,Electronics,No,3777.79,5.0,22,16.0,True,7.6
119,2023-12-04,A,Home,No,6058.21,6.6,24,19.0,True,8.2
120,2025-05-28,D,Electronics,No,5937.56,5.8,6,3.0,False,8.2
121,2023-02-22,B,Electronics,Yes,,,21,10.0,False,9.3
122,2025-03-02,B,Electronics,Yes,5087.97,8.3,23,2.0,True,5.9
123,2025-07-10,A,Electronics,Yes,2608.73,5.6,27,,False,5.2
124,2023-08-05,B,Electronics,No,4925.12,3.5,17,6.0,False,8.3
125,2025-02-02,E,Clothing,Yes,5454.18,7.1,17,11.0,False,8.5
126,2023-07-07,C,Toys,Yes,4465.27,4.8,5,14.0,True,8.2
127,2024-01-15,A,Clothing,No,4287.51,5.8,6,16.0,False,6.2
128,2024-05-07,B,Toys,No,6444.42,7.2,5,19.0,False,8.1
129,2023-02-10,A,Home,No,4939.71,6.4,28,2.0,True,7.8
130,2023-06-06,A,Home,Yes,5454.8,5.8,9,17.0,True,6.9
131,2023-01-15,C,Toys,Yes,5774.13,5.1,28,9.0,False,8.1
132,2025-03-23,E,Clothing,No,3998.56,1.7,7,17.0,False,6.7
133,2023-03-06,A,Electronics,No,5193.21,7.0,11,15.0,True,7.5
134,2025-05-06,B,Clothing,Yes,6319.64,5.6,28,7.0,True,7.7
135,2025-04-18,D,Electronics,Yes,6819.22,8.3,26,19.0,True,7.7
136,2024-06-04,A,Toys,No,5039.94,6.6,17,3.0,True,8.5
137,2023-12-10,A,Home,No,4762.06,5.2,27,1.0,False,9.0
138,2023-05-09,C,Toys,Yes,,7.6,22,4.0,True,8.3
139,2024-10-09,E,Toys,No,5243.64,7.7,28,18.0,False,8.7
140,2024-04-16,D,Home,Yes,6386.76,,25,,False,9.4
141,2023-03-04,B,Home,Yes,4003.61,7.8,11,19.0,False,8.5
142,2023-05-19,D,Electronics,Yes,4720.13,5.2,5,6.0,True,9.5
143,2024-05-13,B,Electronics,Yes,3882.86,6.2,9,1.0,True,8.4
144,2024-08-15,E,?,No,3987.91,6.9,21,8.0,False,6.8
145,2024-01-27,B,Clothing,No,5376.57,7.2,12,1.0,False,8.7
146,2024-11-05,C,Electronics,Yes,5809.86,6.9,19,19.0,False,7.3
147,2024-02-23,C,Toys,Yes,4350.61,5.5,24,11.0,False,6.7
148,2023-10-16,C,Electronics,Yes,5772.09,7.6,8,15.0,False,7.7
149,2024-01-14,C,Clothing,Yes,6111.58,5.8,6,11.0,True,6.7
150,2025-02-11,D,Home,Yes,6934.71,5.1,9,19.0,True,3.2
151,2024-05-04,E,Toys,No,5069.75,,5,10.0,True,6.0
152,2023-08-19,B,Clothing,No,4360.24,8.9,29,12.0,False,5.6
153,2023-02-10,B,Toys,No,3997.53,4.9,9,1.0,False,6.8
154,2023-01-28,C,Electronics,No,3898.21,7.9,10,7.0,True,6.6
155,2023-05-15,C,Electronics,Yes,6249.78,4.3,6,17.0,True,9.2
156,2023-07-20,A,Home,Yes,3484.9,6.7,5,10.0,False,7.9
157,2025-04-19,E,Toys,Yes,6217.75,6.4,8,6.0,True,6.2
158,2025-02-18,D,Toys,Yes,4131.56,8.4,11,,True,7.5
159,2025-07-18,B,Home,Yes,4314.79,5.0,26,18.0,True,7.4
160,2023-02-02,A,Home,No,4848.44,4.6,5,5.0,False,8.3
161,2023-02-17,A,Clothing,Yes,4296.35,5.8,5,18.0,False,8.4
162,2024-05-17,B,Toys,No,5931.98,8.5,12,17.0,True,6.1
163,2024-02-11,D,Electronics,No,6813.34,4.7,24,16.0,False,8.6
164,2024-07-27,A,Toys,No,4342.57,2.1,20,8.0,True,3.3
165,2024-12-28,A,Clothing,No,,6.1,25,13.0,True,9.3
166,2025-03-15,E,Toys,Yes,4836.68,7.4,17,16.0,False,7.2
167,2023-04-09,D,Toys,No,5541.06,4.5,27,11.0,False,8.2
168,2024-11-14,A,Clothing,No,4846.52,7.3,28,6.0,False,8.2
169,2025-05-21,D,Clothing,No,6387.26,4.4,27,3.0,True,7.2
170,2024-12-26,B,Home,Yes,6146.62,5.8,22,1.0,True,6.9
171,2025-09-13,C,Clothing,Yes,3814.54,,24,18.0,True,9.8
172,2024-06-30,A,Toys,Yes,5520.97,4.2,14,5.0,False,7.7
173,2025-08-18,E,Toys,No,6520.34,6.3,16,13.0,True,8.2
174,2025-01-08,B,Home,No,4505.22,7.8,5,10.0,True,2.7
175,2024-09-04,D,Home,Yes,4705.74,6.7,14,5.0,True,7.7
176,2025-07-31,B,Electronics,No,4471.96,4.9,13,14.0,True,9.6
177,2024-04-06,A,Toys,Yes,4492.92,8.3,7,17.0,False,6.8
178,2024-10-04,D,Toys,Yes,3331.55,7.0,23,1.0,False,5.1
179,2025-02-07,C,Electronics,No,3671.69,3.2,13,2.0,False,6.7
180,2023-01-05,B,Clothing,No,5077.47,7.3,14,7.0,True,9.8
181,2023-08-06,A,Home,No,6513.6,5.1,23,10.0,True,8.8
182,2024-05-17,E,Electronics,No,4386.64,6.3,20,7.0,True,4.7
183,2025-02-05,D,Home,Yes,4357.24,7.5,28,16.0,False,6.9
184,2024-02-02,B,Clothing,Yes,6701.52,5.2,22,5.0,False,7.4
185,2025-05-20,B,Electronics,Yes,3891.74,12.8,18,12.0,False,8.8
186,2025-03-05,C,?,Yes,3338.76,8.3,7,17.0,False,8.8
187,2024-01-28,C,Home,Yes,4171.48,7.7,6,16.0,False,5.7
188,2023-07-26,E,Home,No,4337.22,5.9,5,16.0,True,7.3
189,2023-01-15,E,Toys,Yes,3252.55,7.3,22,19.0,False,6.8
190,2025-05-07,A,Toys,Yes,4871.96,5.4,28,15.0,False,8.9
191,2024-07-07,A,Home,Yes,5948.45,6.1,13,12.0,False,4.9
192,2025-06-10,E,Clothing,No,3714.05,5.8,17,,True,9.6
193,2024-04-05,E,Home,No,5087.58,5.5,6,2.0,False,9.5
194,2024-11-21,D,Toys,No,5395.94,6.5,11,7.0,False,9.0
195,2024-07-28,C,Clothing,No,4916.62,4.2,20,13.0,False,7.2
196,2025-05-13,A,Toys,Yes,5185.69,5.6,25,3.0,True,6.7
197,2025-01-12,C,Clothing,Yes,5197.33,6.5,23,15.0,True,5.6
198,2023-08-29,C,Home,No,4187.27,8.8,29,1.0,False,7.6
199,2024-07-17,E,Toys,No,6498.58,4.2,19,3.0,False,6.0
200,2023-04-06,D,Home,Yes,6247.76,6.8,26,10.0,False,8.5
201,2025-06-18,B,Home,Yes,6189.91,6.9,15,15.0,False,8.5
202,2025-01-03,D,Clothing,No,,3.2,5,6.0,True,9.2
203,2024-04-29,D,Home,No,3425.02,6.6,25,15.0,False,5.0
204,2024-02-11,C,Electronics,No,5926.06,7.3,11,7.0,True,8.1
205,2023-08-19,D,Toys,No,,6.9,24,5.0,False,5.5
206,2025-01-18,A,Toys,Yes,3463.48,5.9,12,4.0,True,7.3
207,2024-10-16,C,Clothing,Yes,4785.09,6.5,14,18.0,True,6.2
208,2023-06-20,A,Home,Yes,5276.79,6.3,9,3.0,False,7.4
209,2024-06-24,B,Electronics,No,6664.32,3.5,13,17.0,True,5.3
210,2023-02-05,C,?,No,5724.72,6.3,29,18.0,False,8.5
211,2024-06-08,B,Electronics,Yes,4135.43,5.4,29,18.0,True,5.4
212,2023-06-09,C,Clothing,Yes,6695.39,,5,2.0,True,9.0
213,2025-04-18,E,Home,Yes,,9.7,6,13.0,False,3.4
214,2024-11-29,D,Toys,Yes,4744.16,7.9,23,15.0,False,5.4
215,2023-08-31,E,Toys,No,4672.88,4.3,18,5.0,True,6.9
216,2023-03-27,B,Electronics,Yes,3376.44,6.5,24,3.0,True,5.8
217,2025-03-06,D,?,Yes,4890.23,8.2,14,5.0,False,7.5
218,2024-07-31,C,Toys,Yes,5497.49,3.8,13,5.0,False,4.0
219,2024-11-12,D,Electronics,Yes,4614.62,6.1,14,5.0,False,4.1
220,2024-07-10,A,Home,Yes,5420.45,6.2,10,3.0,True,8.8
221,2024-07-27,D,Electronics,Yes,4135.61,4.1,21,3.0,False,9.5
222,2025-08-10,A,Toys,Yes,4859.07,6.6,29,,False,6.8
223,2024-10-07,D,?,No,5316.54,7.7,10,4.0,True,7.8
224,2025-03-06,A,Electronics,No,5189.66,8.3,8,1.0,False,5.5
225,2023-01-28,B,Toys,No,3394.53,5.6,24,16.0,False,5.5
226,2024-09-11,E,Home,No,4560.99,,7,8.0,False,7.9
227,2024-07-09,C,Home,Yes,,,27,17.0,False,7.6
228,2023-12-06,D,Home,No,4507.55,6.5,23,8.0,True,7.6
229,2025-03-08,E,Toys,No,5015.81,3.9,22,7.0,False,9.2
230,2025-08-15,C,Clothing,Yes,4913.24,6.1,28,8.0,False,6.4
231,2023-11-27,C,Electronics,Yes,6568.24,5.2,8,12.0,False,7.8
232,2024-10-01,A,Electronics,No,6290.37,6.8,12,16.0,False,8.0
233,2024-05-20,B,Home,No,5807.53,5.8,21,12.0,False,8.1
234,2023-12-14,B,Clothing,Yes,4026.76,4.8,9,19.0,False,8.0
235,2024-04-17,E,Electronics,No,5359.18,4.9,17,10.0,True,7.1
236,2023-08-19,B,Home,Yes,5567.94,8.9,29,7.0,True,9.0
237,2023-07-09,D,Electronics,Yes,4301.4,6.7,5,12.0,True,6.3
238,2023-08-13,B,Electronics,Yes,4129.48,3.4,17,5.0,False,8.8
239,2024-01-20,E,Home,Yes,6705.01,6.8,8,16.0,False,8.5
240,2024-01-12,B,Toys,No,4699.2,5.7,26,9.0,False,5.5
241,2023-10-10,D,Toys,Yes,6614.98,6.0,28,7.0,True,7.8
242,2025-08-15,A,Home,Yes,5997.09,7.2,18,14.0,False,7.1
243,2024-09-24,E,Clothing,No,5407.88,,7,11.0,True,7.8
244,2024-09-19,A,Clothing,Yes,5452.53,4.7,9,7.0,False,9.1
245,2025-08-30,A,Electronics,No,3599.58,6.0,11,10.0,False,6.8
246,2025-01-14,A,Toys,No,5206.77,5.2,5,9.0,True,8.4
247,2023-09-16,C,Toys,No,6417.02,6.9,27,4.0,True,8.7
248,2023-12-25,C,Electronics,Yes,5681.34,,16,16.0,True,4.9
249,2024-12-10,A,Electronics,No,5154.34,6.0,15,10.0,True,6.4
250,2024-03-31,E,Home,No,,5.6,28,19.0,True,8.0
251,2024-02-15,D,Electronics,Yes,4814.96,5.8,12,17.0,True,5.3
252,2024-10-10,D,Clothing,No,4380.44,,29,9.0,False,3.8
253,2023-11-14,B,Toys,No,5153.83,9.6,10,13.0,True,6.2
254,2024-11-07,E,Home,No,5766.47,6.6,26,1.0,False,9.4
255,2023-08-13,C,Clothing,No,3282.21,5.9,6,2.0,False,7.8
256,2025-03-29,A,Home,No,5284.87,3.6,23,13.0,False,8.6
257,2023-08-22,B,Toys,Yes,5810.35,4.9,24,9.0,False,8.9
258,2024-11-14,D,Home,No,4730.36,5.8,24,7.0,False,7.3
259,2024-10-25,C,Toys,No,6106.96,4.9,28,16.0,True,8.5
260,2025-09-01,C,Clothing,Yes,5641.19,5.1,18,19.0,True,7.5
261,2025-04-06,A,Electronics,Yes,7141.38,8.4,5,7.0,True,5.9
262,2024-01-09,D,Home,Yes,4249.4,6.0,14,6.0,False,9.0
263,2024-11-02,E,Clothing,No,5830.71,6.2,20,18.0,True,6.4
264,2024-08-30,C,Clothing,Yes,3982.68,5.0,8,19.0,False,6.9
265,2024-04-16,A,Clothing,No,3384.63,7.8,15,11.0,False,8.4
266,2023-08-21,E,Home,No,2964.47,5.7,20,12.0,False,6.5
267,2024-11-22,D,Toys,Yes,5538.32,5.2,24,10.0,False,6.1
268,2023-04-23,C,?,Yes,5184.25,12.8,5,13.0,True,6.6
269,2025-04-09,E,Clothing,No,4520.95,5.9,20,12.0,True,6.6
270,2024-05-11,E,Home,Yes,3226.5,5.2,23,,True,9.8
271,2024-03-17,E,Home,No,4309.61,8.5,25,18.0,True,8.2
272,2024-07-17,C,Toys,Yes,5004.09,8.8,26,4.0,True,7.4
273,2023-09-25,C,Clothing,Yes,5793.17,4.1,13,5.0,False,8.4
274,2024-05-24,B,Electronics,Yes,4983.46,4.3,13,5.0,True,7.1
275,2025-03-17,D,Toys,No,5252.06,5.6,13,12.0,False,8.1
276,2024-01-21,A,Home,Yes,4623.87,4.8,21,3.0,False,8.2
277,2024-01-22,E,Electronics,No,6749.22,6.3,16,8.0,False,8.9
278,2023-04-23,B,Clothing,No,3981.75,5.5,29,2.0,True,9.1
279,2024-09-04,A,Toys,No,,6.4,17,18.0,False,8.8
280,2024-09-16,B,Clothing,No,4507.64,7.5,12,9.0,False,6.9
281,2025-08-09,C,?,Yes,,4.4,20,13.0,True,8.3
282,2023-03-22,E,Home,No,3961.14,7.5,22,7.0,False,7.6
283,2024-11-29,A,Electronics,No,5135.72,4.9,5,10.0,False,8.5
284,2023-04-23,A,Toys,Yes,5164.91,9.2,5,9.0,False,5.7
285,2023-01-02,A,Clothing,No,4305.64,8.4,16,15.0,True,9.0
286,2024-10-03,A,Electronics,Yes,5329.98,5.8,10,5.0,False,5.6
287,2023-08-08,A,Electronics,No,3992.19,4.6,13,12.0,False,8.6
288,2024-07-19,B,Clothing,Yes,3882.93,4.3,27,1.0,True,9.6
289,2025-05-04,E,Toys,No,5099.61,7.3,9,12.0,True,6.5
290,2025-09-23,C,Clothing,Yes,3340.24,6.0,20,6.0,False,7.0
291,2025-01-05,C,Electronics,No,2855.2,7.4,22,19.0,True,9.5
292,2023-08-13,C,Home,No,5532.83,9.3,21,19.0,True,7.8
293,2024-01-20,C,Electronics,Yes,6048.97,4.8,22,16.0,True,6.4
294,2024-02-07,B,Clothing,Yes,4533.2,4.2,5,19.0,True,8.0
295,2024-09-29,D,Toys,Yes,4331.93,6.3,23,3.0,True,9.0
296,2023-05-10,E,Clothing,Yes,6005.54,7.7,26,10.0,True,5.3
297,2023-02-22,A,Clothing,No,3854.46,4.6,12,18.0,True,8.8
298,2024-11-14,D,Toys,No,3636.63,6.1,7,13.0,False,6.2
299,2024-12-30,C,?,Yes,5707.64,8.1,29,18.0,True,7.1
300,2024-11-02,D,Home,No,5009.04,3.6,9,3.0,True,6.7
301,2024-12-10,E,Home,Yes,6064.88,6.4,27,3.0,True,6.9
302,2024-02-20,A,Home,Yes,2859.73,5.2,12,12.0,False,7.4
303,2023-09-04,A,Clothing,No,3599.33,6.2,23,7.0,True,7.0
304,2025-04-15,E,Electronics,No,5014.33,7.1,22,8.0,True,6.4
305,2024-03-14,E,Home,No,5417.67,6.3,22,9.0,False,6.8
306,2023-07-22,C,Toys,No,5847.0,4.5,25,14.0,True,7.4
307,2023-07-03,A,Electronics,No,5174.82,5.2,5,5.0,False,6.8
308,2023-05-03,D,Home,No,5164.66,8.1,19,19.0,False,5.0
309,2024-02-05,B,Clothing,No,4610.6,6.5,22,16.0,True,1.9
310,2025-02-05,B,Clothing,Yes,6590.9,7.3,29,,False,8.3
311,2023-10-21,E,Electronics,Yes,3896.98,6.4,11,4.0,True,5.5
312,2023-10-07,C,?,Yes,5359.02,7.2,20,,True,4.7
313,2025-04-16,B,Toys,Yes,4012.19,5.4,20,7.0,False,9.2
314,2025-06-02,A,?,Yes,5534.78,4.8,19,15.0,False,7.0
315,2024-09-01,E,Electronics,No,3962.98,7.1,10,6.0,True,6.9
316,2023-07-17,D,Electronics,Yes,5743.82,7.7,13,5.0,True,4.3
317,2025-09-08,E,Home,Yes,5112.1,4.6,11,14.0,False,6.4
318,2025-06-25,D,Clothing,Yes,6744.64,5.1,18,13.0,True,9.5
319,2024-05-25,E,Toys,Yes,4718.98,5.8,15,10.0,True,5.9
320,2025-01-21,E,Home,Yes,5424.97,8.4,25,18.0,True,8.5
321,2023-05-24,E,Home,Yes,4220.34,6.8,20,4.0,False,9.6
322,2024-08-31,D,Electronics,Yes,4712.11,4.0,29,8.0,True,4.2
323,2023-07-20,D,Electronics,No,5105.75,5.9,10,11.0,True,8.4
324,2023-05-04,E,Electronics,No,3472.78,5.6,26,17.0,True,9.6
325,2023-07-06,B,Clothing,Yes,3582.38,4.2,20,18.0,False,7.6
326,2023-11-22,C,Home,No,5599.86,5.8,24,11.0,False,7.7
327,2024-04-08,C,Electronics,No,4853.91,5.6,20,16.0,False,6.9
328,2023-12-15,C,Home,No,4407.07,5.5,16,12.0,True,7.4
329,2025-02-09,D,Clothing,No,4263.01,5.4,21,13.0,False,9.2
330,2024-10-21,D,Clothing,Yes,4301.51,8.2,9,16.0,True,8.0
331,2025-02-02,B,Electronics,No,5112.55,5.5,29,1.0,False,7.0
332,2025-08-12,C,Electronics,No,5445.04,6.1,17,16.0,True,7.5
333,2025-07-20,C,Toys,No,2907.89,5.9,12,15.0,False,8.8
334,2024-02-07,E,Toys,Yes,6412.83,5.2,28,6.0,True,4.6
335,2023-12-12,D,Clothing,Yes,6341.7,6.1,9,12.0,True,7.4
336,2025-08-20,C,Toys,Yes,2669.35,6.1,16,8.0,False,9.5
337,2024-05-25,B,Toys,Yes,6085.93,6.1,13,7.0,True,7.7
338,2023-05-27,B,Toys,Yes,6055.22,4.7,7,2.0,False,7.4
339,2023-05-28,C,Clothing,Yes,5000.45,5.7,7,12.0,False,4.0
340,2025-05-13,D,Toys,Yes,3702.83,7.1,5,14.0,True,7.3
341,2024-12-11,B,Home,No,6015.23,5.7,29,16.0,True,8.9
342,2025-03-30,E,Electronics,No,,6.2,26,11.0,False,5.6
343,2024-05-03,B,Clothing,No,5548.88,6.3,22,9.0,False,4.9
344,2025-07-17,A,Home,Yes,7219.2,6.6,28,,False,8.3
345,2025-07-24,A,Home,Yes,5251.84,6.8,16,17.0,True,9.7
346,2024-10-01,D,Home,Yes,4083.12,5.7,13,12.0,False,5.9
347,2024-07-04,C,Toys,Yes,4664.27,4.6,13,6.0,True,6.7
348,2023-12-04,D,Toys,Yes,4210.55,4.2,22,19.0,True,8.9
349,2025-05-21,D,Electronics,No,5433.49,7.5,22,11.0,False,3.2
350,2024-10-02,D,Electronics,No,4193.93,7.2,11,9.0,False,5.9
351,2025-02-17,D,Electronics,Yes,4527.15,7.0,8,6.0,True,9.0
352,2025-09-14,E,Toys,Yes,3715.57,7.2,17,16.0,True,4.7
353,2025-08-10,E,Clothing,Yes,4867.91,5.8,21,16.0,True,7.5
354,2024-04-17,B,Toys,Yes,5176.75,5.1,28,6.0,True,8.7
355,2025-08-03,A,?,No,2315.21,4.5,6,5.0,False,8.2
356,2023-05-31,D,Electronics,Yes,5259.57,4.4,18,4.0,True,9.2
357,2024-02-19,B,Home,Yes,4954.3,,7,2.0,False,8.9
358,2025-09-16,A,Electronics,Yes,4235.01,5.3,9,6.0,False,8.8
359,2023-10-25,C,Toys,Yes,7028.63,7.6,18,,False,7.9
360,2024-09-02,E,Electronics,No,5958.48,5.7,7,17.0,True,5.6
361,2023-09-20,A,Home,Yes,3903.6,12.8,27,14.0,True,6.9
362,2025-02-02,C,Home,Yes,5838.24,4.4,11,7.0,False,6.3
363,2023-05-24,A,Clothing,No,6244.5,5.1,22,19.0,False,7.2
364,2023-12-12,E,Home,No,5132.02,8.1,17,1.0,False,8.7
365,2024-09-15,E,Clothing,No,5361.44,4.4,27,15.0,False,6.0
366,2024-07-25,B,Toys,Yes,5338.35,9.2,26,18.0,True,7.7
367,2025-05-30,D,Electronics,Yes,2914.18,4.7,14,3.0,False,5.7
368,2023-01-02,A,Electronics,No,4813.13,7.1,29,18.0,True,6.5
369,2025-06-15,A,Electronics,No,4761.09,5.8,17,2.0,True,7.3
370,2023-10-31,C,Toys,No,6430.16,5.5,20,10.0,True,5.8
371,2023-09-11,E,Home,No,5333.73,4.1,13,11.0,True,4.8
372,2024-10-13,A,Home,No,4702.39,5.9,6,3.0,False,9.0
373,2024-03-28,E,Toys,No,4909.88,4.3,27,7.0,True,8.9
374,2023-02-06,A,Electronics,Yes,6023.39,,9,8.0,False,8.6
375,2023-06-09,B,Clothing,Yes,4815.42,6.2,26,,True,8.4
376,2023-01-09,D,Clothing,Yes,4301.8,5.0,21,18.0,False,6.2
377,2023-08-21,A,Clothing,No,4724.3,8.5,27,13.0,False,4.4
378,2023-04-09,E,Clothing,No,5940.7,7.5,26,13.0,False,9.4
379,2024-10-20,B,Electronics,No,5496.16,8.5,8,19.0,False,7.4
380,2025-03-26,A,Toys,No,5044.27,5.0,21,12.0,False,6.9
381,2023-07-27,C,Clothing,No,5191.54,6.2,13,17.0,True,6.8
382,2023-05-11,D,Electronics,No,4440.26,2.1,24,12.0,False,6.3
383,2024-02-08,A,Electronics,Yes,4806.05,5.6,6,13.0,True,6.3
384,2023-06-01,B,Home,Yes,4336.7,6.1,28,12.0,False,9.0
385,2023-02-23,C,Toys,No,4705.22,6.2,22,19.0,True,8.2
386,2023-04-30,B,Toys,Yes,6346.18,5.9,25,14.0,True,7.5
387,2024-11-03,B,Clothing,No,3922.13,6.1,26,7.0,True,4.1
388,2025-07-08,C,Electronics,Yes,4311.28,1.9,15,13.0,False,8.5
389,2024-09-19,B,Toys,No,3745.7,6.4,17,6.0,True,6.9
390,2024-08-09,C,?,No,3529.09,6.7,12,19.0,False,7.3
391,2024-09-16,A,Home,Yes,4813.23,,5,19.0,False,6.8
392,2025-08-25,C,Toys,Yes,4382.39,6.6,21,4.0,True,7.9
393,2024-02-24,C,Home,No,6761.69,5.8,16,19.0,True,7.1
394,2024-02-26,D,Electronics,No,4717.15,7.7,8,9.0,False,9.4
395,2023-04-14,C,Clothing,Yes,6289.4,2.5,25,16.0,False,8.5
396,2025-05-01,C,Toys,Yes,5968.01,5.2,17,4.0,False,9.5
397,2023-09-11,A,Clothing,No,,4.9,13,6.0,False,5.5
398,2023-08-15,D,Toys,Yes,,5.9,11,8.0,False,9.5
399,2023-04-22,E,Clothing,No,5268.53,2.7,27,16.0,False,7.1
400,2024-05-24,A,Clothing,No,6513.01,8.0,28,,True,7.8
401,2024-04-17,A,Clothing,No,6396.6,5.6,9,10.0,False,3.0
402,2023-04-09,E,Home,No,5414.65,6.5,9,13.0,False,7.5
403,2023-06-02,C,?,Yes,5751.13,6.3,21,14.0,True,9.3
404,2025-05-10,B,Electronics,Yes,5624.07,7.9,13,7.0,True,6.2
405,2025-07-02,D,Toys,Yes,3855.74,3.2,10,6.0,True,9.9
406,2025-06-14,B,Clothing,Yes,5057.29,12.8,29,7.0,False,5.3
407,2025-05-27,E,Toys,Yes,6074.25,7.7,23,5.0,True,8.6
408,2023-12-04,A,Clothing,Yes,6526.19,5.9,20,18.0,True,6.9
409,2024-12-06,A,Home,Yes,4279.36,4.6,25,12.0,False,6.5
410,2025-04-01,D,Electronics,No,5528.83,5.1,6,6.0,False,8.0
411,2023-06-12,A,Electronics,Yes,5150.87,5.4,14,1.0,False,7.6
412,2024-12-20,A,Home,Yes,4882.13,4.9,20,4.0,False,8.6
413,2025-08-14,D,Home,No,5356.0,5.8,9,19.0,True,6.9
414,2024-11-11,D,Home,Yes,5218.0,8.3,19,12.0,False,5.8
415,2025-09-22,E,Toys,Yes,5541.41,5.1,17,15.0,True,8.7
416,2023-06-10,A,Toys,No,6441.72,5.3,17,3.0,False,7.9
417,2024-08-02,A,Electronics,Yes,5784.13,6.7,17,8.0,True,4.8
418,2025-03-11,E,Toys,Yes,5310.59,5.7,19,,False,5.3
419,2024-02-02,C,Toys,Yes,6864.63,4.0,18,16.0,False,4.6
420,2023-10-04,C,Electronics,No,6109.93,5.9,12,9.0,False,5.6
421,2025-03-26,C,Home,Yes,4907.6,5.9,15,3.0,True,5.6
422,2025-07-04,E,Clothing,Yes,3782.88,7.5,22,5.0,True,7.3
423,2024-05-18,A,Clothing,No,4012.17,4.5,28,14.0,True,9.2
424,2025-06-14,E,Electronics,Yes,5933.23,,8,15.0,False,6.4
425,2024-01-27,E,Electronics,No,4369.69,5.9,14,6.0,True,8.7
426,2023-05-15,C,Clothing,No,3991.94,4.3,5,4.0,False,9.3
427,2023-07-14,B,Home,Yes,4241.91,4.0,9,8.0,False,9.3
428,2024-02-05,A,Home,No,4312.62,8.9,17,19.0,False,9.2
429,2024-10-01,C,Home,No,5850.65,,5,5.0,True,7.5
430,2023-02-02,B,Clothing,Yes,4843.26,7.4,27,13.0,False,7.1
431,2024-11-18,B,Home,No,3627.63,3.4,12,16.0,True,6.3
432,2024-04-04,D,Electronics,No,5031.04,10.0,7,1.0,False,9.3
433,2025-08-12,A,?,Yes,5222.27,7.3,7,13.0,False,9.0
434,2025-06-01,B,Clothing,Yes,,5.6,11,11.0,False,8.5
435,2024-04-14,C,Electronics,Yes,6155.89,,8,8.0,True,8.5
436,2024-01-10,D,Home,No,4579.06,7.1,7,8.0,True,4.5
437,2023-01-22,A,Clothing,Yes,6108.34,7.0,19,14.0,False,6.9
438,2025-01-19,E,Electronics,No,5596.78,6.3,12,13.0,True,7.7
439,2024-10-31,C,Home,No,5926.61,6.0,7,3.0,True,5.1
440,2023-02-07,B,Home,No,3901.45,6.8,11,4.0,False,8.5
441,2023-08-18,B,Clothing,No,5098.31,3.4,22,15.0,False,4.8
442,2023-12-31,C,Electronics,No,4947.17,5.4,15,15.0,True,9.3
443,2024-07-16,B,Clothing,No,3577.99,3.5,15,13.0,False,8.6
444,2024-03-13,D,Clothing,No,6105.06,6.9,21,9.0,False,7.9
445,2025-02-14,A,Electronics,Yes,4182.6,5.0,10,10.0,True,5.3
446,2023-10-10,D,Electronics,Yes,4390.43,3.6,12,12.0,True,7.4
447,2023-01-27,B,Toys,No,3986.68,4.8,5,14.0,False,8.7
448,2023-08-14,E,Toys,No,5701.19,6.2,14,1.0,True,7.3
449,2023-10-04,A,Toys,Yes,3474.07,5.7,29,14.0,True,7.9
450,2025-03-08,A,Clothing,No,5617.87,4.2,23,14.0,False,9.4
451,2024-08-31,C,Electronics,Yes,6044.51,3.4,7,8.0,False,4.2
452,2023-10-11,C,Clothing,Yes,5537.18,6.1,8,16.0,False,9.2
453,2025-05-28,E,Toys,Yes,5712.63,5.1,15,14.0,False,6.2
454,2025-08-17,A,Electronics,No,5759.55,5.6,19,1.0,True,5.6
455,2024-04-25,E,Electronics,No,4050.58,5.8,5,16.0,True,6.5
456,2024-03-28,C,Electronics,Yes,6434.73,6.6,13,18.0,False,5.8
457,2025-04-08,C,Electronics,Yes,4539.92,7.3,15,7.0,False,7.6
458,2025-03-26,A,Home,Yes,4933.61,6.2,23,15.0,False,8.5
459,2024-10-20,D,Electronics,Yes,4667.36,5.5,17,17.0,False,8.2
460,2024-05-30,B,Home,Yes,5491.54,6.0,20,19.0,True,8.7
461,2024-06-30,C,Toys,No,4461.96,5.5,8,,True,9.1
462,2023-07-11,C,Toys,Yes,5066.92,3.5,5,9.0,False,8.8
463,2023-02-18,D,Electronics,No,3764.66,7.6,24,15.0,False,6.8
464,2024-05-26,D,?,Yes,6164.67,7.4,17,3.0,True,6.6
465,2023-01-17,E,Electronics,No,5670.74,9.0,5,1.0,True,8.7
466,2023-06-21,E,Electronics,No,4707.74,,9,16.0,True,7.7
467,2023-08-08,B,Electronics,No,4530.85,4.2,9,8.0,True,4.4
468,2023-06-07,B,Electronics,No,5644.63,5.5,18,,False,6.6
469,2024-04-21,A,Home,No,4292.71,9.8,27,8.0,True,7.7
470,2023-02-15,E,Toys,No,5125.37,5.9,18,17.0,True,7.6
471,2024-01-08,C,Toys,Yes,6161.4,,12,14.0,True,9.3
472,2024-06-01,E,Toys,No,4188.74,3.7,8,7.0,False,6.3
473,2023-04-09,C,Home,Yes,,6.2,11,15.0,False,8.5
474,2025-06-10,D,Home,No,5315.73,8.9,24,16.0,True,8.8
475,2025-01-14,E,Toys,No,4902.66,7.9,23,19.0,True,7.7
476,2023-02-06,D,?,Yes,4496.21,5.1,19,6.0,False,8.0
477,2023-10-07,B,Toys,No,,5.4,26,1.0,False,4.3
478,2023-12-15,B,Toys,Yes,4402.43,4.3,8,12.0,True,6.3
479,2024-05-11,A,Home,Yes,3187.96,4.7,23,18.0,False,6.3
480,2023-10-29,E,Electronics,Yes,5640.53,3.1,13,16.0,True,8.5
481,2023-06-30,D,Toys,Yes,3798.7,5.9,25,12.0,False,7.4
482,2024-08-29,C,Home,No,5691.88,8.3,17,13.0,True,5.9
483,2023-04-09,B,Electronics,No,6334.9,6.5,18,8.0,True,9.1
484,2024-11-30,B,Home,Yes,5629.75,8.0,27,1.0,False,8.8
485,2025-09-19,C,Home,No,6071.41,7.6,18,7.0,True,5.6
486,2023-04-26,D,Home,No,7020.05,5.2,26,15.0,False,5.3
487,2023-07-10,D,Home,Yes,5966.76,4.9,14,13.0,False,8.8
488,2023-09-10,E,Home,No,5330.57,4.9,20,13.0,False,6.9
489,2025-09-07,E,Toys,Yes,6633.95,3.4,9,9.0,True,5.2
490,2025-07-16,A,Clothing,Yes,6754.78,6.0,27,15.0,True,8.0
491,2025-09-09,B,Electronics,No,6768.77,1.6,10,4.0,True,7.6
492,2023-06-10,E,Electronics,No,4507.86,6.9,6,13.0,False,7.6
493,2023-09-13,D,Toys,No,,6.1,17,12.0,True,7.7
494,2023-11-19,C,Clothing,Yes,4446.81,6.7,17,5.0,True,6.6
495,2023-05-08,D,Toys,Yes,5703.64,7.6,23,7.0,True,6.1
496,2023-01-18,B,Home,No,5159.16,6.3,22,8.0,True,7.0
497,2025-03-03,D,Electronics,No,4793.52,8.4,23,5.0,False,9.3
498,2025-01-04,A,Home,No,5560.48,6.9,5,,True,8.8
499,2024-07-19,B,Toys,No,3529.19,4.9,12,14.0,False,7.3
500,2024-07-23,C,Electronics,Yes,5141.17,5.6,26,12.0,False,7.3
501,2023-11-19,A,Clothing,No,6118.46,2.6,20,4.0,False,7.8
502,2025-05-21,B,Toys,Yes,5549.32,4.6,6,8.0,False,3.0
503,2024-11-16,C,Electronics,Yes,5691.81,5.4,12,17.0,True,9.1
504,2025-03-02,A,?,No,6597.37,6.8,10,8.0,True,9.1
505,2024-09-17,A,Home,No,4933.86,4.9,20,1.0,True,7.2
506,2023-10-15,B,Toys,No,4346.91,4.1,27,2.0,False,7.1
507,2025-07-31,E,Toys,Yes,6189.52,,15,4.0,True,9.3
508,2025-05-03,A,Toys,No,6171.12,5.1,21,1.0,False,8.7
509,2024-10-24,A,Toys,No,5558.29,8.9,27,7.0,True,8.3
510,2025-08-19,C,Clothing,Yes,4839.63,6.4,23,1.0,True,4.0
511,2024-09-30,D,Electronics,No,5001.38,7.4,15,9.0,True,4.5
512,2023-06-04,B,Electronics,Yes,3723.23,4.6,12,3.0,False,8.3
513,2024-05-04,B,Toys,No,6112.95,3.6,26,12.0,True,5.0
514,2024-01-21,E,Clothing,Yes,6077.65,4.2,8,19.0,False,8.4
515,2025-09-12,E,?,No,3688.32,5.9,15,15.0,False,7.9
516,2025-02-23,B,Clothing,No,5867.63,3.0,12,16.0,False,4.4
517,2023-04-14,E,Home,Yes,5404.1,4.5,13,10.0,True,9.8
518,2025-07-17,C,Electronics,Yes,3978.03,5.1,6,6.0,True,7.4
519,2024-01-28,B,Home,No,3794.0,4.0,20,17.0,False,6.8
520,2025-03-21,E,Toys,Yes,5373.49,2.8,10,17.0,False,9.0
521,2023-09-03,B,Home,Yes,4602.3,6.4,25,19.0,False,8.5
522,2023-06-25,D,Electronics,Yes,6819.95,6.1,25,18.0,False,9.3
523,2023-02-08,A,Electronics,Yes,5952.6,7.2,23,11.0,False,7.2
524,2024-04-21,B,Home,No,5473.69,4.3,12,7.0,True,6.7
525,2024-11-12,A,Toys,No,5523.08,7.1,18,10.0,True,8.9
526,2025-01-28,E,Toys,Yes,6330.87,8.3,28,7.0,True,9.6
527,2024-06-21,A,Toys,Yes,5846.52,6.4,20,5.0,False,9.3
528,2025-05-16,B,Home,Yes,5499.77,5.1,16,12.0,False,5.9
529,2025-03-28,D,Toys,Yes,4019.74,6.2,9,16.0,True,9.3
530,2025-07-09,E,Clothing,No,8061.95,5.0,28,18.0,True,6.7
531,2024-02-12,B,Home,No,3896.82,4.8,28,3.0,False,8.3
532,2024-06-08,E,Home,Yes,4687.46,7.0,23,15.0,False,4.5
533,2025-04-07,C,Toys,Yes,3345.27,5.8,22,5.0,False,6.4
534,2024-05-20,A,Clothing,Yes,5538.8,7.8,13,13.0,True,6.7
535,2025-06-21,C,Electronics,No,5151.11,5.3,6,19.0,False,3.7
536,2025-04-04,B,Electronics,Yes,5765.28,5.5,29,12.0,False,6.8
537,2023-02-05,D,Toys,No,3260.93,5.2,24,5.0,False,8.2
538,2024-11-15,E,Electronics,Yes,6112.91,4.3,16,,True,8.9
539,2023-01-20,A,Home,No,4192.56,7.2,6,7.0,False,6.1
540,2023-11-17,E,Electronics,Yes,4850.99,9.3,14,10.0,True,9.4
541,2025-02-14,B,Clothing,No,5931.57,5.4,5,16.0,False,5.3
542,2024-05-26,E,Electronics,Yes,5261.27,12.8,8,8.0,False,4.5
543,2024-02-04,A,Clothing,Yes,5331.94,4.9,29,9.0,True,7.8
544,2024-10-15,B,Electronics,Yes,5799.18,5.0,16,4.0,False,6.3
545,2025-08-29,E,Home,No,5428.79,8.5,13,8.0,True,8.8
546,2025-06-01,D,Clothing,Yes,,4.9,8,7.0,False,8.1
547,2024-04-15,B,Home,No,4833.53,5.1,13,15.0,True,4.8
548,2023-05-23,B,Electronics,No,5211.88,4.1,10,3.0,False,7.2
549,2023-04-02,D,Home,Yes,4104.44,6.4,5,17.0,True,5.5
550,2023-12-20,C,Home,Yes,5996.01,5.9,14,11.0,True,7.3
551,2025-04-13,A,Toys,Yes,5288.65,4.3,18,9.0,False,8.3
552,2025-03-10,C,Toys,No,5074.78,4.7,26,5.0,True,7.0
553,2024-12-27,E,Toys,Yes,6192.5,8.3,29,10.0,False,6.6
554,2025-08-16,D,Electronics,No,4879.89,6.0,22,15.0,True,5.6
555,2025-05-03,C,Home,No,4817.58,6.2,10,14.0,False,7.4
556,2023-02-20,B,Home,Yes,4515.37,6.2,22,4.0,False,6.2
557,2024-10-26,E,Electronics,Yes,5343.07,8.1,24,2.0,False,7.6
558,2024-11-28,E,Toys,Yes,5308.45,4.4,20,12.0,False,5.4
559,2024-07-28,C,Electronics,Yes,4333.72,5.4,19,1.0,True,6.6
560,2023-07-09,C,Electronics,Yes,4822.31,5.7,20,,False,7.5
561,2023-05-05,D,Clothing,Yes,4340.4,3.4,12,6.0,False,8.9
562,2023-05-30,A,Electronics,No,4295.13,4.6,17,11.0,False,6.7
563,2023-11-10,C,Toys,No,3270.1,7.6,27,8.0,False,6.7
564,2024-07-23,C,Electronics,No,4769.09,7.1,15,7.0,False,7.8
565,2023-12-08,B,Toys,Yes,3297.79,7.4,29,,True,7.7
566,2023-11-01,E,Toys,No,4537.18,5.1,11,6.0,False,8.5
567,2024-11-22,A,Clothing,No,4387.31,5.3,21,16.0,True,7.6
568,2024-11-12,B,Toys,No,6051.9,3.3,22,15.0,True,4.1
569,2025-04-17,D,Clothing,No,3985.07,7.4,26,14.0,False,7.6
570,2025-02-21,D,Clothing,No,,7.6,27,12.0,False,7.8
571,2023-02-23,C,Clothing,Yes,4618.48,7.6,23,12.0,True,9.5
572,2024-03-19,C,Clothing,Yes,4419.86,8.4,29,16.0,True,8.0
573,2024-09-04,D,Toys,No,6369.25,6.6,17,15.0,True,8.1
574,2025-09-19,C,Toys,No,3861.43,8.3,19,13.0,False,6.2
575,2023-09-21,A,Electronics,No,4620.6,5.7,27,11.0,True,7.6
576,2023-02-22,C,Toys,Yes,5332.07,3.3,26,17.0,True,8.3
577,2024-07-25,E,Electronics,Yes,5881.18,7.3,26,15.0,False,6.9
578,2024-09-11,C,Electronics,No,4619.76,3.3,5,14.0,True,5.3
579,2023-01-05,B,Electronics,Yes,3081.9,6.3,20,10.0,False,9.3
580,2023-04-13,A,Toys,Yes,4849.9,7.4,9,12.0,True,8.9
581,2023-07-15,B,Home,No,6352.03,6.5,7,16.0,False,7.6
582,2025-02-12,B,Toys,Yes,5282.19,9.4,27,15.0,True,8.6
583,2025-05-26,E,Home,Yes,5236.42,3.1,14,10.0,False,8.9
584,2025-09-18,A,Clothing,No,3936.98,5.9,23,4.0,False,8.7
585,2025-06-02,A,Toys,Yes,3834.33,6.0,9,9.0,True,8.6
586,2023-12-16,A,Home,Yes,5018.04,4.0,11,9.0,False,5.9
587,2023-02-16,A,Home,No,3573.62,4.3,18,11.0,True,9.1
588,2025-05-16,A,Electronics,Yes,5781.36,4.7,7,11.0,False,6.9
589,2025-04-02,E,Electronics,Yes,4153.35,4.4,17,7.0,False,8.7
590,2025-07-24,C,Toys,No,4975.34,5.8,17,10.0,False,7.8
591,2025-03-30,B,Home,No,3114.23,5.1,14,4.0,False,2.0
592,2024-10-17,A,Toys,No,4606.2,6.5,6,5.0,False,8.4
593,2023-09-26,C,Toys,Yes,3814.14,7.0,10,5.0,False,6.7
594,2024-01-05,C,Electronics,No,2678.04,6.9,12,11.0,False,5.6
595,2024-09-27,B,Electronics,Yes,5541.84,5.4,8,9.0,True,9.4
596,2023-04-16,E,Toys,No,6641.16,6.4,29,16.0,True,8.3
597,2024-10-31,D,Home,Yes,6129.47,7.6,16,9.0,False,2.8
598,2024-10-20,D,?,No,5681.69,6.7,19,4.0,False,8.8
599,2024-10-18,C,Toys,No,4585.88,8.8,12,2.0,False,9.6
600,2023-04-30,B,Electronics,No,5805.89,,11,14.0,True,4.9
601,2025-04-10,D,Home,No,6223.85,8.6,18,3.0,False,8.4
602,2025-02-25,C,Toys,Yes,5136.82,2.3,27,18.0,True,8.0
603,2024-08-26,E,Home,No,3815.64,6.1,23,6.0,False,9.5
604,2023-02-27,D,Electronics,No,4500.62,5.5,18,11.0,False,7.5
605,2025-08-08,C,?,Yes,,5.8,26,18.0,False,8.0
606,2023-12-12,C,Toys,No,4925.26,4.8,17,12.0,False,6.5
607,2025-01-10,A,Home,Yes,1675.24,6.6,25,5.0,False,9.9
608,2024-04-18,E,Home,No,3531.08,,5,9.0,True,9.1
609,2023-04-27,A,Toys,No,4575.55,,23,18.0,False,8.3
610,2025-04-09,B,Home,No,6035.83,4.8,5,19.0,True,6.1
611,2025-03-01,A,Home,Yes,4726.88,5.2,8,3.0,True,7.3
612,2023-05-07,A,Clothing,No,6054.43,6.7,14,9.0,False,8.7
613,2024-01-28,D,Toys,No,4473.84,6.1,7,4.0,False,7.3
614,2025-06-26,C,Toys,No,3035.71,7.6,24,17.0,False,5.1
615,2024-10-02,E,Clothing,Yes,4508.44,4.5,13,17.0,True,7.5
616,2023-02-27,A,Home,Yes,5344.95,5.9,7,2.0,True,8.3
617,2024-09-25,E,?,No,5261.95,7.3,10,9.0,True,4.1
618,2024-05-27,A,Toys,Yes,3744.89,6.5,10,9.0,False,7.7
619,2025-01-20,B,Clothing,No,4648.8,6.6,27,5.0,True,7.8
620,2025-03-12,A,Electronics,No,,7.7,29,15.0,True,9.3
621,2023-04-06,D,Clothing,No,3766.73,5.4,16,15.0,True,7.5
622,2024-09-29,C,?,No,5660.72,5.1,27,3.0,False,6.5
623,2023-04-28,B,Toys,No,2903.32,6.9,5,19.0,True,7.0
624,2024-07-13,A,?,No,5863.79,5.8,20,3.0,True,8.9
625,2024-08-23,E,Toys,No,4107.67,,28,6.0,False,6.5
626,2024-05-02,B,Toys,Yes,5402.09,,9,,False,7.6
627,2023-08-25,B,Toys,Yes,3708.47,,13,13.0,False,7.1
628,2025-06-03,A,Electronics,Yes,5290.85,6.5,14,13.0,True,6.3
629,2025-06-15,B,Home,Yes,4091.35,4.6,17,11.0,True,8.3
630,2023-09-29,E,Electronics,Yes,4284.95,7.4,19,5.0,True,7.9
631,2023-07-08,B,Electronics,Yes,5441.99,3.9,16,1.0,False,7.3
632,2025-09-25,E,Clothing,Yes,,7.8,9,9.0,True,7.6
633,2024-12-04,A,Clothing,No,5380.38,6.5,9,17.0,False,9.0
634,2024-03-22,C,Toys,No,4809.16,5.8,22,1.0,False,7.6
635,2024-08-03,B,Toys,No,5067.49,7.1,16,,True,8.3
636,2025-02-28,C,Toys,No,5445.09,6.8,7,15.0,True,8.2
637,2025-05-10,E,Home,Yes,4649.98,8.0,29,10.0,True,9.3
638,2023-09-04,B,Home,Yes,4003.95,8.0,11,8.0,False,9.3
639,2025-08-20,D,Toys,No,4467.69,6.5,21,12.0,False,8.6
640,2023-03-17,C,Toys,No,6195.14,4.7,23,15.0,True,8.9
641,2023-06-03,B,?,Yes,5116.17,,22,9.0,False,7.9
642,2024-10-17,C,Electronics,No,4155.1,,5,10.0,True,6.8
643,2024-03-10,B,Toys,No,5401.56,7.6,29,9.0,True,9.7
644,2025-09-23,A,Electronics,No,5468.32,5.3,28,15.0,True,9.3
645,2023-03-27,C,Home,No,5520.0,5.4,9,1.0,False,8.9
646,2024-11-27,D,Toys,Yes,4022.16,8.8,6,2.0,False,7.9
647,2023-10-12,D,Electronics,No,4317.61,5.8,5,19.0,True,5.3
648,2025-08-31,E,Toys,No,,5.0,11,14.0,True,7.6
649,2023-08-08,B,Toys,Yes,4639.35,7.2,15,8.0,False,9.2
650,2023-03-10,C,?,Yes,5538.92,5.9,15,6.0,True,5.8
651,2023-02-16,E,Clothing,No,,3.9,22,12.0,False,8.0
652,2023-04-04,C,Electronics,Yes,5375.22,,21,15.0,True,8.2
653,2025-01-19,B,Electronics,No,6354.02,4.9,6,14.0,False,7.2
654,2025-08-15,D,Electronics,No,5688.89,6.1,11,1.0,True,3.8
655,2024-03-28,A,Home,Yes,,5.9,11,11.0,False,8.3
656,2023-07-23,D,Toys,No,3816.11,6.3,14,,True,9.3
657,2025-06-30,E,Home,No,4285.45,2.7,26,19.0,False,7.1
658,2023-08-06,A,Toys,No,4738.29,5.5,25,18.0,False,7.2
659,2024-04-18,E,Electronics,No,5829.13,7.7,7,2.0,False,8.7
660,2024-03-07,B,Home,Yes,4972.67,7.9,16,7.0,False,5.3
661,2023-12-07,A,?,Yes,4343.8,4.5,7,8.0,True,8.8
662,2024-07-04,E,Clothing,No,4267.11,7.4,15,19.0,False,7.0
663,2024-09-03,B,Electronics,Yes,4930.42,4.9,16,15.0,False,9.1
664,2023-10-16,D,Electronics,No,5889.99,,29,10.0,True,5.0
665,2023-09-11,B,Clothing,No,6591.02,5.5,8,1.0,False,2.5
666,2025-01-03,C,Home,No,4794.23,6.2,29,6.0,True,9.3
667,2023-12-23,B,Clothing,No,4955.26,7.5,20,,False,6.0
668,2023-01-23,B,Home,No,3786.06,6.4,24,14.0,False,6.9
669,2025-01-31,C,Clothing,Yes,6939.19,5.8,22,3.0,False,7.6
670,2024-06-05,E,Toys,No,3599.0,7.5,8,11.0,False,4.0
671,2025-01-27,E,Clothing,Yes,6171.66,12.8,26,3.0,False,7.4
672,2025-04-16,B,Clothing,Yes,4634.66,5.9,10,19.0,False,8.3
673,2023-04-10,C,Home,No,4400.63,7.5,25,10.0,True,7.4
674,2025-03-12,C,Toys,No,3890.0,6.8,19,15.0,True,8.1
675,2023-06-29,D,?,No,7410.05,5.3,5,11.0,False,6.3
676,2023-08-11,E,Toys,No,5221.49,3.7,7,15.0,False,7.5
677,2025-06-24,A,Clothing,No,5021.28,6.5,9,13.0,True,9.4
678,2025-01-31,E,Electronics,Yes,5886.73,3.6,26,5.0,True,7.9
679,2024-10-20,E,Toys,No,4349.17,5.7,21,4.0,False,8.0
680,2024-03-17,D,Toys,No,5001.85,7.8,18,13.0,False,9.2
681,2024-08-30,A,Home,Yes,5056.34,6.9,13,9.0,False,5.0
682,2025-02-07,D,Clothing,Yes,4487.85,3.0,7,17.0,False,8.0
683,2023-11-21,A,Toys,No,6199.64,6.3,17,2.0,False,6.7
684,2024-05-30,B,Electronics,Yes,4781.35,5.5,7,5.0,False,4.9
685,2023-01-16,A,Toys,No,3446.87,4.1,15,16.0,True,9.1
686,2025-03-02,D,Electronics,Yes,4698.5,6.5,6,7.0,False,7.6
687,2023-12-02,E,Clothing,Yes,5249.18,5.3,28,1.0,False,7.8
688,2025-01-28,A,?,No,4106.51,5.3,19,,True,7.4
689,2023-09-15,A,Toys,Yes,4185.41,6.2,17,11.0,True,8.4
690,2024-05-11,C,Clothing,Yes,4453.74,5.1,23,12.0,True,7.2
691,2025-09-14,E,Clothing,Yes,6221.24,6.1,26,19.0,True,5.8
692,2025-06-14,B,Electronics,Yes,,5.1,20,12.0,False,7.4
693,2023-06-09,D,?,Yes,6429.12,5.2,22,12.0,True,7.3
694,2024-04-19,B,Home,Yes,4385.05,7.5,11,14.0,True,5.9
695,2025-05-01,E,Home,No,,7.6,17,2.0,False,7.8
696,2024-10-25,A,Clothing,No,4553.76,3.4,8,2.0,True,8.4
697,2025-06-26,A,Toys,Yes,5754.08,7.1,13,,True,6.0
698,2024-11-20,E,Clothing,No,3881.73,8.1,14,16.0,False,8.0
699,2024-11-05,A,Clothing,No,5742.86,8.3,13,10.0,False,8.1
700,2024-01-15,A,Home,No,5113.87,6.8,11,13.0,False,8.5
701,2024-06-28,A,Clothing,Yes,4360.01,4.4,19,2.0,False,8.8
702,2025-07-17,D,Toys,No,4833.78,6.9,12,,False,9.3
703,2025-08-14,D,Electronics,Yes,6533.85,4.7,23,19.0,False,8.6
704,2024-11-21,C,Electronics,No,,5.5,15,6.0,False,6.7
705,2024-03-02,B,Clothing,Yes,4297.27,6.6,9,19.0,True,8.1
706,2024-09-04,E,Home,Yes,3795.31,4.8,6,19.0,True,8.3
707,2023-09-25,E,Toys,No,5505.4,4.3,14,8.0,False,9.6
708,2025-04-14,E,Electronics,No,5195.85,6.7,20,14.0,True,9.2
709,2024-07-30,C,Electronics,Yes,5695.02,8.8,27,10.0,False,9.2
710,2024-02-21,D,Electronics,No,3537.78,7.9,17,3.0,True,6.2
711,2023-06-17,C,Home,No,3827.74,7.1,12,6.0,False,6.7
712,2025-04-21,E,Toys,No,6146.88,7.5,13,15.0,True,8.0
713,2023-02-12,B,Toys,Yes,5331.34,7.0,15,18.0,False,8.5
714,2024-07-09,A,Clothing,Yes,5533.4,6.7,15,14.0,True,4.6
715,2023-10-12,D,Toys,No,4037.31,7.3,27,19.0,False,8.4
716,2024-02-01,D,Home,No,4019.01,3.9,20,10.0,True,7.0
717,2023-01-12,C,?,No,5991.26,6.3,14,15.0,True,9.9
718,2024-08-29,D,Home,Yes,6038.38,5.9,28,4.0,False,5.4
719,2023-10-29,E,?,Yes,,6.1,16,2.0,True,9.3
720,2025-06-16,E,Electronics,No,3720.63,5.3,29,3.0,True,9.2
721,2023-09-10,C,Clothing,No,4891.41,6.8,10,7.0,True,7.2
722,2024-05-13,E,Toys,No,4200.65,4.8,16,16.0,True,6.4
723,2025-01-23,B,Home,No,4179.82,,14,10.0,True,4.0
724,2023-02-04,C,Electronics,No,3748.62,5.0,22,19.0,False,8.4
725,2024-12-27,B,Clothing,No,4531.57,7.3,22,17.0,False,6.2
726,2025-04-28,A,Electronics,Yes,3845.31,6.0,8,19.0,True,8.7
727,2023-03-31,B,Home,No,3904.6,5.3,13,5.0,False,10.0
728,2025-02-14,A,Clothing,Yes,5298.39,5.4,11,13.0,True,4.8
729,2024-08-27,A,Clothing,No,4944.8,6.0,22,13.0,False,6.5
730,2025-07-10,B,Electronics,No,5484.88,8.4,12,11.0,True,5.9
731,2025-08-27,C,Clothing,Yes,3350.97,4.1,15,11.0,True,8.3
732,2024-08-24,E,Clothing,Yes,5009.88,7.0,11,16.0,True,8.2
733,2024-02-22,E,Electronics,Yes,7075.64,6.7,13,15.0,True,8.2
734,2023-04-25,A,Home,Yes,4627.73,4.7,12,17.0,False,7.6
735,2024-09-08,A,Toys,No,5824.75,8.2,7,18.0,False,4.5
736,2025-06-21,C,Home,Yes,5816.01,6.8,21,19.0,False,9.3
737,2023-07-15,D,Toys,No,5865.2,5.2,6,4.0,True,8.9
738,2025-04-05,B,Toys,Yes,5166.66,3.2,19,5.0,False,5.9
739,2024-05-15,A,Home,No,5566.09,6.3,18,7.0,False,6.9
740,2024-09-17,E,Toys,No,5699.01,5.9,22,,True,5.3
741,2024-05-07,C,Home,No,,4.5,20,1.0,True,9.2
742,2023-03-16,B,Clothing,No,3882.58,4.4,24,12.0,True,8.1
743,2024-02-17,C,Clothing,No,3292.62,7.3,26,10.0,False,9.3
744,2024-01-11,B,Home,No,3446.42,3.1,8,8.0,False,7.9
745,2024-02-24,B,?,Yes,,6.5,29,1.0,True,6.9
746,2024-12-29,A,Electronics,No,5593.93,5.7,24,12.0,False,7.5
747,2023-10-04,C,Toys,Yes,3895.59,6.7,10,2.0,True,8.6
748,2025-01-30,C,Home,Yes,,5.6,10,,False,6.9
749,2024-11-06,E,Electronics,No,,6.4,15,17.0,True,8.4
750,2024-01-29,E,Clothing,Yes,4507.24,4.9,21,3.0,False,6.1
751,2025-05-18,A,Electronics,No,4163.89,,28,,False,3.6
752,2024-04-01,A,Home,Yes,3115.21,6.7,7,12.0,False,5.7
753,2025-07-08,D,Home,No,5229.31,6.2,17,8.0,True,4.8
754,2023-07-11,E,Toys,Yes,6712.67,6.6,26,12.0,True,7.0
755,2025-01-08,B,Toys,No,4937.34,4.6,7,3.0,True,6.8
756,2024-11-19,C,Home,No,3149.37,5.1,20,17.0,False,7.9
757,2023-04-09,A,Toys,No,5780.34,5.1,19,9.0,True,7.7
758,2024-07-01,C,Clothing,No,3375.2,5.6,15,10.0,False,7.8
759,2025-09-04,C,Clothing,Yes,3790.97,8.0,22,6.0,True,5.9
760,2025-09-25,D,Toys,No,4761.66,5.5,19,1.0,True,7.9
761,2023-04-06,E,Clothing,Yes,5122.84,4.3,9,12.0,False,8.9
762,2024-10-25,A,Toys,Yes,3991.34,6.8,20,5.0,False,8.1
763,2024-10-24,C,Toys,Yes,4722.68,8.0,20,13.0,True,7.6
764,2023-07-09,A,Home,No,5715.16,4.1,21,15.0,True,3.3
765,2025-01-05,B,Electronics,Yes,5852.18,9.0,13,11.0,False,8.1
766,2023-02-06,D,?,Yes,6251.46,6.6,27,8.0,False,8.3
767,2025-02-18,B,Electronics,Yes,,,7,5.0,True,4.4
768,2024-01-04,A,Toys,No,5809.89,8.2,24,2.0,False,8.6
769,2024-11-25,A,Electronics,No,4783.26,7.5,17,12.0,True,8.5
770,2024-06-08,E,Home,Yes,5859.31,5.8,26,2.0,True,5.8
771,2023-10-06,C,Clothing,No,5466.72,7.8,7,16.0,True,8.5
772,2023-08-05,C,Electronics,No,5506.37,6.4,11,,False,5.9
773,2025-05-16,B,Toys,Yes,5177.22,7.6,10,10.0,True,7.3
774,2025-05-22,D,Electronics,Yes,4087.95,7.8,13,,True,7.9
775,2025-03-08,C,Electronics,No,3971.9,4.4,16,8.0,False,4.9
776,2023-09-30,E,Home,Yes,4902.88,7.2,19,7.0,False,8.4
777,2025-05-30,B,Electronics,No,5148.91,5.7,25,1.0,False,6.1
778,2023-03-03,B,Home,No,4320.56,6.2,24,12.0,True,9.5
779,2024-08-18,E,Electronics,No,5423.34,6.2,7,5.0,False,7.9
780,2025-05-29,D,Clothing,No,,6.1,14,16.0,False,8.6
781,2024-12-29,E,Clothing,No,3255.67,8.3,5,4.0,True,6.6
782,2023-12-08,D,Electronics,No,5582.24,4.0,23,17.0,True,8.5
783,2024-02-01,E,Electronics,Yes,4934.03,3.4,23,2.0,True,8.5
784,2024-11-29,E,Home,Yes,5450.66,3.1,27,12.0,True,8.6
785,2023-01-19,A,Clothing,No,4569.29,7.6,27,1.0,False,9.1
786,2023-06-26,B,Toys,No,,,17,12.0,True,9.5
787,2024-09-03,E,Toys,No,5129.5,6.2,16,12.0,False,8.8
788,2024-01-31,E,Toys,Yes,4698.37,5.8,5,12.0,True,6.7
789,2024-03-20,C,Home,No,3479.46,4.7,23,19.0,True,7.8
790,2023-08-21,B,Electronics,Yes,4766.08,7.3,28,17.0,False,4.4
791,2025-07-03,C,Home,No,3583.57,5.8,20,11.0,False,8.4
792,2023-03-17,B,Electronics,No,5653.19,5.6,29,13.0,False,6.8
793,2023-09-22,C,Toys,Yes,3134.45,6.3,27,8.0,True,8.9
794,2024-03-30,E,Home,Yes,6028.65,7.1,27,10.0,True,3.8
795,2025-03-06,E,Electronics,No,5429.56,4.6,19,8.0,False,8.1
796,2024-12-18,A,Home,No,5433.39,7.3,20,8.0,False,9.1
797,2025-01-04,C,Toys,No,2835.69,8.2,15,9.0,True,8.0
798,2024-01-19,D,Electronics,Yes,4671.4,3.9,28,7.0,False,7.4
799,2024-07-17,A,Home,Yes,6153.56,6.4,10,14.0,False,6.3
800,2025-04-30,C,Clothing,Yes,4481.39,5.5,15,2.0,True,6.4
801,2024-05-20,C,Home,Yes,3921.94,7.0,7,11.0,False,9.7
802,2024-01-02,A,Home,Yes,4363.33,4.2,19,8.0,True,3.3
803,2023-05-24,E,Electronics,Yes,4931.72,8.4,5,13.0,True,8.9
804,2025-06-03,C,Toys,No,4148.63,3.6,11,15.0,True,7.1
805,2023-03-10,E,Home,No,6233.82,5.6,5,3.0,False,4.8
806,2023-04-09,A,Toys,Yes,4935.33,,21,14.0,False,8.9
807,2024-01-31,E,Toys,No,4444.43,5.0,13,15.0,False,5.7
808,2023-01-25,B,Clothing,No,3698.66,4.7,27,2.0,False,6.6
809,2025-08-05,D,Toys,Yes,5484.45,6.3,17,19.0,True,7.6
810,2025-06-09,C,Clothing,No,5461.67,6.1,15,12.0,True,7.7
811,2024-04-13,D,Clothing,Yes,4207.79,6.0,24,4.0,False,8.9
812,2024-04-28,E,Toys,Yes,2763.67,7.3,10,3.0,False,9.0
813,2024-07-18,C,Clothing,No,5410.76,5.4,5,5.0,False,5.8
814,2023-05-31,E,Toys,Yes,4813.2,6.5,11,3.0,False,9.3
815,2023-05-24,B,?,Yes,5336.07,5.2,16,15.0,True,9.0
816,2024-07-22,A,Home,Yes,6957.17,4.7,26,19.0,False,6.5
817,2023-02-08,C,Electronics,Yes,4973.17,5.6,24,2.0,True,9.5
818,2023-04-19,B,Toys,Yes,4486.16,5.3,27,12.0,False,7.4
819,2024-11-23,B,Toys,Yes,3852.68,5.3,23,5.0,False,8.0
820,2023-02-11,C,Electronics,Yes,4687.58,7.7,21,17.0,False,8.3
821,2023-07-05,E,Electronics,Yes,,5.6,8,14.0,True,6.3
822,2025-07-23,B,Home,No,5053.31,5.0,7,10.0,False,9.6
823,2024-02-02,D,Home,No,6723.47,6.0,5,3.0,True,8.6
824,2023-08-11,B,Electronics,No,5499.09,12.8,22,4.0,True,4.9
825,2024-09-25,E,Electronics,Yes,4865.2,4.2,25,6.0,False,5.5
826,2023-05-13,E,?,Yes,4293.44,5.6,19,16.0,True,9.1
827,2023-06-12,D,Clothing,No,5266.67,5.5,12,7.0,True,8.6
828,2023-08-03,B,?,No,4092.99,5.7,5,15.0,True,8.6
829,2025-01-02,E,Electronics,No,5179.83,7.1,24,11.0,False,8.2
830,2023-08-23,C,Toys,Yes,5487.41,6.2,18,1.0,True,8.4
831,2025-04-22,A,Home,No,4783.55,7.8,8,5.0,True,7.8
832,2024-10-19,A,Clothing,No,4369.71,6.0,9,13.0,False,5.8
833,2025-01-20,A,Electronics,Yes,2814.7,8.7,27,14.0,False,8.1
834,2024-08-10,B,Home,No,6143.84,5.3,17,9.0,True,6.1
835,2023-01-09,D,Toys,Yes,5403.3,4.8,28,,True,8.6
836,2023-03-15,E,?,Yes,5427.62,6.8,19,15.0,True,5.9
837,2025-08-11,C,Electronics,Yes,3438.65,8.0,10,7.0,True,7.2
838,2024-05-06,C,Toys,No,6379.84,3.9,5,12.0,False,9.2
839,2025-07-01,B,Toys,No,,5.7,27,6.0,False,9.3
840,2023-09-10,A,Home,Yes,4711.2,5.1,23,16.0,True,9.3
841,2023-08-18,B,Toys,No,3930.71,6.2,17,5.0,False,7.3
842,2024-06-02,D,Toys,No,3213.05,6.0,10,,True,8.3
843,2023-06-23,D,Home,No,6157.35,8.0,19,14.0,False,8.7
844,2024-10-14,E,Clothing,No,6286.6,5.8,20,8.0,False,8.2
845,2023-06-17,E,Toys,Yes,4834.47,,28,14.0,True,7.2
846,2023-06-19,D,Clothing,No,4320.62,5.5,27,12.0,True,7.5
847,2024-01-28,D,Clothing,Yes,4622.96,7.4,20,10.0,True,7.6
848,2025-08-03,D,Home,Yes,4650.39,,14,13.0,True,6.0
849,2025-03-05,B,Electronics,No,3800.14,8.6,26,19.0,False,4.8
850,2024-09-25,D,Toys,Yes,4707.74,3.8,13,15.0,False,5.9
851,2023-07-13,C,Clothing,No,5153.1,4.3,13,8.0,True,8.1
852,2024-05-31,A,Home,No,6018.16,8.7,21,10.0,False,8.6
853,2023-01-29,D,Electronics,Yes,5014.24,4.9,21,3.0,False,9.7
854,2023-06-14,A,Electronics,Yes,3423.65,5.0,21,3.0,True,6.6
855,2024-02-26,B,Toys,Yes,5353.55,4.7,28,5.0,True,9.3
856,2023-12-05,A,Home,Yes,4744.07,7.7,16,16.0,False,4.3
857,2024-10-09,B,Electronics,No,6370.41,4.1,17,17.0,True,8.1
858,2024-05-10,C,Electronics,No,6429.46,6.0,16,6.0,True,5.7
859,2023-12-31,B,Toys,No,,5.6,18,16.0,False,8.3
860,2025-04-12,B,Electronics,Yes,4438.41,7.6,14,2.0,False,4.9
861,2023-12-08,E,Toys,Yes,6989.86,5.2,27,15.0,True,9.5
862,2024-05-14,D,Electronics,Yes,5350.94,6.6,23,18.0,False,8.2
863,2024-10-18,D,Home,No,6626.38,4.2,6,,True,4.2
864,2024-05-25,C,Clothing,Yes,4497.38,9.4,8,19.0,True,8.2
865,2023-11-23,C,Toys,No,4701.4,5.6,23,12.0,False,5.3
866,2023-08-05,D,Toys,Yes,5274.03,6.0,11,8.0,False,9.5
867,2023-10-28,E,Home,No,5151.88,8.5,19,6.0,True,8.0
868,2023-05-12,D,Home,No,6254.81,5.1,19,12.0,True,6.0
869,2025-03-14,E,Electronics,Yes,4767.87,,28,7.0,True,7.8
870,2023-03-11,C,Toys,Yes,6164.61,5.4,10,,False,8.2
871,2023-09-09,A,Clothing,No,5732.23,7.0,7,14.0,True,6.3
872,2024-02-19,C,Home,No,4786.61,5.1,10,8.0,False,8.5
873,2025-02-25,C,Toys,Yes,5654.68,4.0,20,14.0,True,8.4
874,2024-03-20,B,Toys,Yes,4526.73,6.6,6,5.0,False,8.2
875,2025-05-25,B,Home,No,7350.21,,11,9.0,True,9.4
876,2023-07-01,B,Home,Yes,2335.67,4.0,15,8.0,False,8.5
877,2023-06-16,B,Toys,No,5672.94,5.5,11,2.0,True,8.0
878,2023-04-01,E,Toys,No,3235.4,7.8,8,16.0,True,7.5
879,2024-12-14,D,Toys,Yes,4774.34,6.9,28,13.0,True,7.3
880,2025-05-07,A,Electronics,Yes,4914.39,5.4,24,7.0,True,8.5
881,2024-06-14,C,Electronics,Yes,6507.63,5.1,11,16.0,False,8.5
882,2023-02-08,E,Home,Yes,4307.85,8.9,8,7.0,False,6.4
883,2023-05-06,A,Toys,Yes,,3.8,16,14.0,False,7.8
884,2024-03-26,E,?,No,3821.18,5.9,9,14.0,False,8.8
885,2023-06-22,E,Electronics,No,6346.67,3.8,27,12.0,False,8.7
886,2024-10-14,C,Electronics,Yes,4525.65,8.0,23,1.0,True,5.0
887,2025-01-23,D,Toys,Yes,5073.43,6.0,9,1.0,False,7.6
888,2023-08-08,B,Clothing,Yes,4663.62,6.3,23,,False,9.5
889,2024-09-29,D,Clothing,No,,10.2,25,15.0,False,8.6
890,2023-02-27,C,Electronics,Yes,6087.74,12.8,7,4.0,False,7.2
891,2024-10-21,C,?,Yes,5443.5,8.6,15,7.0,True,7.0
892,2024-04-20,C,Home,No,3848.13,5.4,11,16.0,True,8.0
893,2024-03-31,A,Home,No,4284.98,5.6,21,3.0,True,4.2
894,2025-04-08,D,Clothing,Yes,3971.42,10.0,29,7.0,True,5.2
895,2025-06-13,D,Clothing,Yes,2751.86,5.8,13,6.0,False,5.7
896,2023-12-27,E,Home,Yes,6261.32,3.9,25,16.0,False,7.6
897,2025-07-23,E,Toys,No,4672.18,6.4,13,8.0,True,8.0
898,2023-01-01,E,Home,Yes,4661.51,5.7,14,6.0,True,9.5
899,2024-01-22,C,Toys,Yes,6496.1,6.6,17,10.0,False,9.9
900,2025-08-30,D,Clothing,Yes,4524.01,5.8,19,,False,8.5
901,2023-12-14,C,Electronics,No,4159.53,9.3,26,11.0,True,6.7
902,2023-07-09,A,Toys,No,4775.25,6.8,9,13.0,True,8.0
903,2024-05-19,E,Toys,Yes,3867.33,,7,6.0,True,8.7
904,2023-07-10,C,Home,Yes,,6.2,12,1.0,True,5.2
905,2024-05-22,C,Toys,No,4626.34,4.8,24,19.0,False,7.8
906,2024-01-04,A,Electronics,No,4492.73,5.6,14,12.0,False,6.3
907,2024-02-13,B,?,No,4406.1,4.6,17,6.0,False,9.2
908,2025-04-03,D,Clothing,No,4893.78,9.2,7,18.0,True,9.3
909,2025-07-17,B,Home,No,5083.48,5.0,26,,False,8.3
910,2025-07-22,E,Clothing,No,4480.02,7.0,12,7.0,False,6.8
911,2023-04-27,C,Clothing,No,4641.23,5.5,13,13.0,True,8.1
912,2023-05-14,A,Clothing,No,4918.48,4.3,26,8.0,True,7.2
913,2023-02-27,A,Toys,No,4817.58,6.3,25,17.0,True,5.5
914,2024-07-09,D,Toys,Yes,5031.08,6.6,16,9.0,True,7.6
915,2024-11-15,B,Toys,Yes,4323.33,6.8,15,13.0,True,4.4
916,2024-11-02,D,Home,Yes,6004.59,2.1,6,2.0,True,9.0
917,2023-06-22,C,Home,No,5096.83,4.1,22,4.0,False,8.7
918,2025-04-08,D,Home,Yes,4496.15,7.4,13,2.0,False,7.3
919,2025-03-25,A,Toys,No,5344.38,4.6,6,4.0,False,5.8
920,2023-05-29,A,Electronics,No,4925.63,6.3,6,18.0,False,5.1
921,2023-03-21,E,Toys,Yes,3266.17,4.1,7,5.0,False,8.5
922,2025-06-04,E,Home,No,5340.95,7.1,20,19.0,False,5.6
923,2023-08-01,C,?,Yes,3980.49,7.4,23,10.0,True,8.8
924,2023-07-22,B,Clothing,Yes,5934.43,7.1,8,18.0,True,4.5
925,2025-02-02,D,Clothing,Yes,4758.25,7.5,27,10.0,True,9.3
926,2023-08-17,C,?,No,5780.07,8.3,29,5.0,False,5.2
927,2024-11-06,E,Electronics,Yes,4369.78,4.2,22,17.0,False,7.9
928,2023-08-15,D,?,No,5069.93,4.8,24,13.0,True,6.3
929,2024-10-20,E,Home,Yes,6210.24,7.3,29,17.0,True,9.5
930,2024-06-15,D,Toys,Yes,4730.98,7.7,22,9.0,True,7.9
931,2024-03-16,B,Home,Yes,4409.18,5.0,14,12.0,True,6.8
932,2024-02-06,C,Home,No,5655.04,4.9,15,14.0,True,6.4
933,2023-02-16,D,Home,No,5635.66,5.0,21,14.0,False,8.7
934,2023-08-21,A,Electronics,No,4451.25,3.6,28,8.0,False,9.0
935,2023-11-01,A,Clothing,Yes,3014.54,4.1,29,5.0,False,9.2
936,2024-06-09,D,Electronics,Yes,4389.98,4.1,27,19.0,True,9.2
937,2023-05-23,D,Home,No,,5.6,28,14.0,False,9.6
938,2024-02-19,D,Clothing,No,4224.97,6.4,24,9.0,True,6.8
939,2024-05-27,A,Electronics,No,4989.06,6.7,20,7.0,False,7.5
940,2024-01-08,A,Toys,No,4342.52,5.2,24,8.0,True,8.1
941,2024-07-19,D,Electronics,No,3067.83,5.3,17,14.0,True,9.1
942,2025-06-04,E,Toys,No,4324.52,6.2,6,14.0,False,5.6
943,2023-09-16,E,Toys,Yes,5673.13,3.8,28,11.0,False,7.8
944,2024-10-17,B,Clothing,No,2629.75,7.4,6,14.0,False,6.9
945,2024-04-15,C,Toys,Yes,5252.17,7.9,29,8.0,False,7.7
946,2025-08-10,E,Toys,Yes,3813.93,5.1,18,3.0,False,7.2
947,2025-08-28,A,Clothing,No,5608.44,5.4,8,18.0,True,8.7
948,2023-01-12,E,Electronics,No,5714.32,,21,3.0,False,8.0
949,2023-11-26,B,Home,Yes,4828.05,5.8,17,13.0,False,6.5
950,2025-01-05,B,Home,No,4830.33,6.9,8,12.0,True,8.0
951,2025-02-22,C,Home,No,4193.64,5.9,7,15.0,False,7.4
952,2025-08-25,E,Electronics,Yes,3654.42,8.3,16,,True,7.5
953,2023-12-24,A,Toys,Yes,6698.09,6.7,26,5.0,False,9.3
954,2025-08-29,A,Home,Yes,4134.93,6.8,27,7.0,False,8.8
955,2024-02-12,D,?,No,6567.8,6.8,12,11.0,True,7.2
956,2024-10-29,A,Electronics,Yes,4140.5,5.2,6,11.0,False,9.7
957,2024-01-08,C,Home,No,,5.3,10,15.0,False,6.5
958,2023-01-08,C,Electronics,Yes,3862.19,7.2,26,10.0,False,6.0
959,2023-05-02,A,Electronics,Yes,,6.2,14,15.0,False,4.4
960,2023-12-14,A,Home,Yes,4674.41,12.8,16,13.0,True,5.8
961,2024-11-06,D,Toys,No,4687.48,8.8,25,14.0,True,9.8
962,2023-03-31,A,Clothing,No,5610.02,7.5,14,17.0,False,7.9
963,2024-10-09,D,Toys,Yes,4530.86,6.1,14,13.0,False,7.5
964,2024-11-28,D,Electronics,Yes,3571.85,5.6,27,10.0,True,7.0
965,2023-11-12,A,Toys,Yes,5761.31,6.3,7,1.0,True,9.0
966,2023-06-27,B,Home,No,,6.8,24,1.0,False,6.9
967,2024-06-23,B,Home,Yes,5516.52,3.0,14,15.0,True,9.4
968,2025-01-01,D,Toys,No,5973.0,9.2,13,,True,7.8
969,2025-05-18,A,Home,Yes,4624.51,4.8,24,12.0,True,9.6
970,2023-02-10,B,Home,Yes,6182.35,6.0,23,6.0,True,7.9
971,2025-01-09,A,Clothing,Yes,5481.78,6.1,18,6.0,False,8.6
972,2024-12-04,A,?,Yes,4304.14,9.0,6,12.0,True,8.5
973,2025-07-11,A,Clothing,Yes,6401.43,5.9,9,15.0,False,7.1
974,2024-05-16,E,Clothing,Yes,3858.33,8.4,24,,False,4.4
975,2025-08-16,A,Home,No,4623.3,6.6,12,4.0,True,7.6
976,2023-05-25,E,?,Yes,4793.69,4.6,11,2.0,False,9.5
977,2023-07-20,D,Home,No,5605.22,6.2,10,12.0,False,7.9
978,2025-07-17,B,?,Yes,6115.43,5.8,15,7.0,True,8.2
979,2024-12-24,B,?,Yes,6052.79,4.4,16,9.0,True,8.6
980,2024-04-05,B,Electronics,No,5223.75,6.5,22,9.0,True,8.5
981,2025-01-01,B,?,Yes,4719.73,6.0,23,8.0,False,8.6
982,2025-01-21,B,Electronics,No,3174.02,6.8,14,14.0,False,5.8
983,2025-07-13,B,Toys,No,3685.85,6.3,29,1.0,False,7.5
984,2025-06-27,B,Toys,Yes,6766.66,5.0,29,12.0,False,9.2
985,2024-07-11,D,Electronics,No,3163.93,,25,2.0,True,5.4
986,2024-06-30,A,Home,No,4215.51,5.1,18,,False,8.0
987,2023-09-10,C,Electronics,Yes,6144.61,1.4,7,4.0,True,3.9
988,2024-01-25,E,?,No,5209.71,6.2,22,18.0,True,2.1
989,2024-08-16,C,Home,Yes,5928.05,12.8,28,19.0,True,8.2
990,2025-06-01,C,Clothing,Yes,5542.83,6.6,19,16.0,True,8.0
991,2023-09-13,A,Clothing,Yes,6469.58,9.0,10,,False,4.0
992,2024-12-09,A,Clothing,Yes,5295.43,9.0,14,8.0,True,8.3
993,2025-03-25,A,?,No,5663.45,5.8,16,12.0,False,8.2
994,2025-07-09,B,Electronics,Yes,4275.75,4.8,11,9.0,True,7.6
995,2024-03-25,D,?,Yes,5586.33,6.9,21,6.0,True,7.3
996,2023-01-10,B,Clothing,No,4603.87,5.4,5,18.0,True,9.0
997,2025-04-03,D,Home,Yes,4546.89,6.6,22,2.0,False,9.5
998,2025-03-08,D,Toys,Yes,5894.72,5.0,19,8.0,True,9.4
999,2023-08-30,C,Electronics,No,5901.62,6.4,23,14.0,True,8.3
1000,2023-09-08,C,Home,No,6688.44,,5,6.0,True,8.5
